,defect_type,roc_auc
0,bottle,1.0
1,cable,0.8931784107946027
2,capsule,0.864379736737136
3,carpet,0.6552969502407704
4,grid,0.9991645781119465
5,hazelnut,0.905
6,leather,0.9840353260869565
7,metal_nut,0.8680351906158358
8,pill,0.92253136933988
9,screw,0.8015986882557902
10,tile,0.9567099567099568
11,toothbrush,0.9833333333333334
12,transistor,0.9099999999999999
13,wood,0.9842105263157894
14,zipper,0.9858193277310925
